{
  "threshold": 0.6499999999999999,
  "win_rate": 0.5353846153846153
}