{
  "threshold": 0.5999999999999999,
  "win_rate": 0.5476923076923077
}