{
  "threshold": 0.49999999999999994,
  "win_rate": 0.5404929577464789
}