{
  "threshold": 0.39999999999999997,
  "win_rate": 0.5660714285714286
}